time (s),zmp_x,init_x_offset
0.017,3.1000231752235985,0.0
0.119,3.106591077732017,-0.017299894243478775
0.218,3.1299166551622983,-0.017316270619630814
0.319,3.128177788609969,-0.017302311956882477
0.418,3.1280081806148585,-0.017293164506554604
0.518,3.111525963981316,-0.017286041751503944
0.621,3.133721234417404,-0.017299463972449303
0.719,3.115887264882514,-0.0172844547778368
0.819,3.126515596770926,-0.017293134704232216
0.919,3.1184983135621174,-0.01728774979710579
1.019,3.1189209834949416,-0.017292741686105728
1.119,3.134333688583303,-0.01729624532163143
1.219,3.1542468459200936,-0.017281169071793556
1.318,3.1299123930014847,-0.017246007919311523
1.42,3.1280236964758528,-0.017246108502149582
1.519,3.118838474645103,-0.017248379066586494
1.62,3.1076808159657343,-0.017260851338505745
1.718,3.132778914633728,-0.017283771187067032
1.819,3.125413153611092,-0.01727299392223358
1.918,3.1201757347591306,-0.017272915691137314
2.019,3.019237873214117,-0.01727892830967903
2.119,2.0323195771187796,-0.017400827258825302
2.219,1.0771856527159185,-0.018643170595169067
2.318,2.491403101578235,-0.02074500173330307
2.418,3.119501989094821,-0.020785972476005554
2.518,3.457543323758781,-0.02009015716612339
2.62,3.4698504170495843,-0.01914137415587902
2.718,3.472303584116188,-0.01836807280778885
2.819,3.9490762088214035,-0.017746586352586746
2.918,3.874315175032488,-0.016696341335773468
3.017,2.8882493399912983,-0.01594286784529686
3.118,2.517308369456047,-0.01648392528295517
3.219,0.5475072121424298,-0.01734706200659275
3.319,1.115336946378286,-0.020322540774941444
3.422,2.230903293453612,-0.022044241428375244
3.518,3.5044318146696054,-0.02212754637002945
3.619,3.2449689492325158,-0.020716896280646324
3.717,3.847943917307866,-0.019889352843165398
3.821,4.15607598669333,-0.018527867272496223
3.92,2.537944281345109,-0.01708124577999115
4.022,2.407352928957242,-0.017800981178879738
4.118,1.695501187564423,-0.018528254702687263
4.221,2.3790643364129553,-0.01993582211434841
4.319,1.6312554603054539,-0.020268943160772324
4.419,1.817388648443074,-0.02140289917588234
4.518,0.9990483817725658,-0.02209414727985859
4.619,1.187994814811143,-0.023596422746777534
4.719,2.89498357410979,-0.024579063057899475
4.818,2.7537058030447135,-0.023385070264339447
4.918,1.2045559445441918,-0.022593757137656212
5.018,2.2523372944327833,-0.02375772036612034
5.118,1.5796036545181709,-0.0234734658151865
5.218,0.8584309303914277,-0.024026431143283844
5.32,2.3029129876441026,-0.02530536614358425
5.421,3.057698395391969,-0.024652913212776184
5.52,2.24400142771796,-0.023255400359630585
5.617,3.0774911319692224,-0.023081278428435326
5.719,2.3070694970632792,-0.021975133568048477
5.819,0.8853568296122281,-0.021983906626701355
5.918,2.0621844500037265,-0.023640111088752747
6.019,2.5642122339185374,-0.023599954321980476
6.119,1.33585993081492,-0.02298547700047493
6.219,1.980687748037128,-0.02391878515481949
6.319,0.7688931406125801,-0.02391742914915085
6.42,-0.1770890336065586,-0.025322027504444122
6.52,2.4609114055556645,-0.027543045580387115
6.621,3.2425426753782203,-0.026259779930114746
6.718,2.5095300590852405,-0.024326473474502563
6.82,3.870185276337387,-0.02363012358546257
6.919,2.4062752170308777,-0.021494684740900993
7.022,0.20323636414816781,-0.02148446813225746
7.121,1.136555674699797,-0.02403181977570057
7.221,1.9681236423192803,-0.024987051263451576
7.32,1.6338794945860913,-0.02478661760687828
7.421,2.867534436311442,-0.025013994425535202
7.52,1.88256179150925,-0.023764856159687042
7.622,0.31374405030763053,-0.023908112198114395
7.72,1.1025883644280694,-0.02584254741668701
7.821,1.7599057173931247,-0.026475034654140472
7.919,1.7746541649728207,-0.026218537241220474
8.017,3.5105974268096265,-0.02599623054265976
8.119,3.2981853665933016,-0.023804692551493645
8.219,2.1606416054343978,-0.02229785919189453
8.319,2.287332152543615,-0.02241194248199463
8.419,2.310095794744914,-0.022356249392032623
8.52,1.8301988152987163,-0.02228528819978237
8.621,2.226994086881586,-0.02278519980609417
8.719,1.311692432858025,-0.022724846377968788
8.817,-0.6363018090574296,-0.0237383134663105
8.917,0.28018410657955106,-0.026808761060237885
9.023,1.5056066347566024,-0.0282019954174757
9.12,1.9252903996561583,-0.027895092964172363
9.221,3.1305312158078635,-0.027162736281752586
9.32,2.647408321213006,-0.02517877332866192
9.42,0.5972113753903798,-0.02415202558040619
9.52,1.12879823886811,-0.02570885419845581
9.62,1.8498553914438702,-0.026337677612900734
9.721,0.9590930935292934,-0.026004310697317123
9.821,1.2259942241025006,-0.026770899072289467
9.922,1.7071176604178333,-0.02707456611096859
10.021,0.37328526172424015,-0.026759397238492966
10.119,1.0184543332878793,-0.028054505586624146
10.22,3.5543905603012433,-0.028342198580503464
10.32,3.5065847512131962,-0.025630665943026543
10.421,4.089128043344969,-0.02351689338684082
10.521,3.8800649492945016,-0.021150127053260803
10.62,1.8609736354894044,-0.019499225541949272
10.72,2.090028545287157,-0.02052065171301365
10.821,1.7898032458452002,-0.021072087809443474
10.92,2.727622556001117,-0.021861499175429344
11.02,2.5077340425481283,-0.021405156701803207
11.12,1.9100035254836727,-0.021295154467225075
11.221,0.8454130822060646,-0.021900519728660583
11.318,0.9093973036791367,-0.02361973561346531
11.418,2.396066437173088,-0.024920888245105743
11.518,2.9547088306543943,-0.024237273260951042
11.618,2.1784329686668524,-0.023042356595396996
11.72,2.542066251612219,-0.02298690192401409
11.82,1.344877512684553,-0.022520724684000015
11.919,1.742355009944007,-0.023536521941423416
12.02,3.4222785921482664,-0.023888086900115013
12.12,3.4569907824540906,-0.02222062647342682
12.22,2.643578707829935,-0.02084639109671116
12.32,2.9733781667070627,-0.020690562203526497
12.42,3.2398899032472217,-0.02018333040177822
12.52,3.027744981687701,-0.019468391314148903
12.621,2.9719883592490373,-0.019142528995871544
12.72,3.050412827069037,-0.018946517258882523
12.821,3.02379457424421,-0.018698735162615776
12.92,3.0570163985934418,-0.01853138580918312
13.017,3.1997433636194916,-0.018358970060944557
13.12,3.1455010532132195,-0.018055474385619164
13.221,3.0854479430392483,-0.01787559688091278
13.32,3.121537002395124,-0.017801359295845032
13.421,3.236696407847851,-0.017700104042887688
13.52,3.1700707968166766,-0.017485516145825386
13.62,3.2449364228915716,-0.017391130328178406
13.718,3.3059520028438816,-0.017228778451681137
13.821,3.2646106279184828,-0.017028117552399635
13.918,3.2812165572498904,-0.016915546730160713
14.019,3.2583023367349155,-0.0168062262237072
14.12,3.1975503354055057,-0.016745349392294884
14.219,3.106695300279073,-0.016767121851444244
14.32,3.239660868127033,-0.01688992977142334
14.418,3.13891177035696,-0.016833938658237457
14.52,3.148994150352896,-0.0169060118496418
14.618,3.200808279766308,-0.016951976343989372
14.72,3.1215537903951747,-0.016928644850850105
14.82,3.129246469377512,-0.017001911997795105
14.92,3.1398477280049493,-0.01705160364508629
15.021,3.12566086098131,-0.017079060897231102
