time (s),zmp_x,zmp_y,zmp_x_lama,zmp_y_lama
0.084,4.083155612321582,1.3253806060457327,4.111339276879435,1.3343723372946477
0.183,4.081723329159793,1.3260237315089642,4.075994196512633,1.3285962333618908
0.286,4.081400243727063,1.3345404321393854,4.080107901996143,1.36860723466107
0.385,4.089600646149879,1.3292752826887986,4.122402255841143,1.3082146848864504
0.485,4.082887470782992,1.324398479903913,4.056034769315438,1.3048912687643712
0.583,4.081705776388227,1.3184529918551606,4.0769789988091665,1.2946710396601513
0.682,4.0764314082245665,1.324016051826386,4.055333935569922,1.346268291711287
0.784,4.0746952893260335,1.3199550770985577,4.067750813731899,1.3037111781872441
0.884,4.081139941067621,1.3194775480817542,4.106918548033966,1.3175674320145405
0.984,4.078874834969793,1.326578461878193,4.069814410578481,1.3549821170639484
1.086,4.065215573170562,1.3244552476968412,4.0105785259736395,1.3159623909714333
1.182,4.073372206510346,1.3122904067407553,4.105998739869483,1.2636310429164113
1.286,4.067219408647076,1.312499736288967,4.042608217193996,1.3133370544818137
1.384,4.0762202201703825,1.31196608274022,4.112223466263609,1.309831468545232
1.485,4.086014852477541,1.3200055160195228,4.125193381706171,1.3521632491367346
1.583,4.084281958638496,1.3158906270268034,4.077350383282318,1.2994310710559258
1.686,4.092427408326011,1.3126560099977853,4.125009207076068,1.299717541881713
1.785,4.088351940907971,1.3186526327496135,4.072050071235811,1.3426391237569257
1.886,4.0857866416630735,1.3249992890810243,4.075525444683482,1.350385914406666
1.983,4.079701764590122,1.3220619957119555,4.055362256298315,1.3103128222356795
2.085,4.07529842559144,1.3219662703796455,4.057685069596713,1.3215833690504053
2.183,4.077742036454113,1.3191227462783157,4.087516479904802,1.307748649872996
2.285,4.076184109367174,1.3157502360321607,4.069952401019413,1.3022601950475399
2.383,4.084340063396257,1.3159455136463287,4.116963879512592,1.316726624103
2.485,4.0806597060327645,1.3171452377897752,4.065938276578794,1.321944134363561
2.583,4.079936729490125,1.3290203729607784,4.077044823319569,1.3765209136447907
2.684,4.073408947970515,1.3250097773059404,4.047297821892073,1.3089673946865885
2.784,4.068054617910947,1.3279329119617398,4.046637297672677,1.3396254505849368
2.884,4.066752689438884,1.3184872483724932,4.061544975550626,1.2807045940155068
2.983,4.0758460500654845,1.3194001159220865,4.112219492571885,1.3230515861204595
3.084,4.076181077738193,1.314915088268763,4.0775211884290234,1.2969749776554682
3.184,4.081593017170964,1.3211532397575851,4.10324077490205,1.3461058457128743
3.285,4.078086817220866,1.3212252553826986,4.064062017420474,1.3215133178831533
3.384,4.071877333803404,1.3201317184453092,4.047039400133557,1.3157575706957512
3.484,4.07585335096495,1.3199695081996423,4.091757419611135,1.3193206672169748
3.583,4.080901256147111,1.3164335309271114,4.101092876875758,1.3022896218369868
3.684,4.084012011928407,1.3240001163000787,4.096455035053588,1.354266457791948
3.782,4.077291964314325,1.319364884580992,4.050411773857995,1.3008239577046445
3.884,4.080342467273322,1.3235418273507698,4.092544479109312,1.3402495984298803
3.983,4.080520733192939,1.320817373950576,4.081233796871406,1.3099195603498004
4.085,4.0730979277068045,1.3248918144044366,4.043406705762264,1.3411895762198784
4.183,4.086603628183742,1.3172707186023456,4.14062643009149,1.2867863353939808
4.283,4.08594309106597,1.3168922881743874,4.083300942594882,1.315378566462555
4.383,4.091628448985233,1.3232490968278618,4.1143698806622835,1.348676331441759
4.485,4.087781784767085,1.3307253817162816,4.072395127894492,1.3606305212699612
4.583,4.0872879349813385,1.3372376739604204,4.085312535838354,1.3632868429369753
4.684,4.088768467351295,1.3282671531242471,4.094690596831125,1.2923850697795531
4.783,4.090163784980098,1.3252434386147218,4.095745055495307,1.3131485805766203
4.885,4.0777133028454795,1.330090080519821,4.027911374307,1.3494766481402176
4.982,4.081321457522441,1.3269467265910873,4.095754076230286,1.3143733108761524
5.084,4.0740826637445675,1.3270740567440245,4.04512748863307,1.327583377355773
5.183,4.079661514886123,1.326994599524744,4.101976919452341,1.3266767706476228
5.284,4.087837742493917,1.3222183284958318,4.120542652925097,1.3031132443801823
5.384,4.080901720794964,1.3184892114724363,4.053157633999147,1.303572743378853
5.483,4.082162912459722,1.3086331739121109,4.087207679118753,1.2692090236708091
5.583,4.084353933235907,1.2980957891587375,4.093118016340645,1.255946250145243
5.684,4.081579752557233,1.289858427502532,4.070483029842534,1.25690898087771
5.783,4.073312418196874,1.2980832138169625,4.040243080755436,1.3309823590746837
5.884,4.080246885370572,1.3064072557646607,4.107984754065363,1.3397034235554526
5.983,4.078583840701446,1.3165515284933886,4.0719316620249435,1.3571286194082992
6.084,4.08082426636632,1.3286812448436118,4.089785969025813,1.3772001102445044
6.184,4.083042924298436,1.3294366504477375,4.091917556026896,1.3324582728642398
6.286,4.089716189941663,1.3404859886663547,4.11640925251457,1.3846833415408237
6.384,4.082412319820212,1.3318869362025114,4.053196839334405,1.297490726347138
6.485,4.08388504320258,1.334062892729392,4.089775936732048,1.3427667188369141
6.584,4.083854294678802,1.3263444352995564,4.083731300583691,1.2954706055802137
6.686,4.081084799285838,1.3208657689309056,4.070006817713985,1.2989511034563015
6.784,4.080800388398105,1.3306409806223392,4.07966274484717,1.3697418273880737
6.885,4.078720655600989,1.332308033543674,4.070401724412526,1.338976245229013
6.984,4.082623306097284,1.3297029724495562,4.098233908082465,1.319282728073084
7.085,4.08005104296236,1.3227437787852554,4.069761990422663,1.2949070041280517
7.184,4.085902887258795,1.3247613429839484,4.109310264444536,1.33283159977872
7.284,4.089346116323044,1.3388859684147358,4.103119032580037,1.3953844701378852
7.384,4.0889163333113,1.3377642674768921,4.087197201264323,1.3332774637255176
7.485,4.091120450815066,1.3376996113960131,4.09993692083013,1.3374409870724964
7.585,4.082952528318889,1.3343248090091306,4.050280838334178,1.3208255994616
7.685,4.082092475344699,1.3218670426330503,4.078652263447938,1.272035977128729
7.785,4.068693167992865,1.322607327450852,4.015095938585525,1.3255684667220589
7.885,4.074784060599832,1.3215204303879036,4.099147631027697,1.3171728421361095
7.985,4.079348809122915,1.3202952181920946,4.097607803215247,1.3153943694088583
8.086,4.087489698002934,1.3201104890647746,4.12005325352301,1.3193715725554942
8.184,4.081747866930439,1.3151184231935127,4.058780542640457,1.2951501597084647
8.285,4.083380273720002,1.3104663627646973,4.089909900878258,1.2918581210494349
8.384,4.072744867923616,1.311649646815307,4.03020324473807,1.3163827830177455
8.484,4.067844911562295,1.302069401986034,4.048245086117013,1.2637484226689424
8.583,4.063480549290688,1.3019317262272418,4.046023100204259,1.3013810231920726
8.685,4.069336044530096,1.3146385537009633,4.0927580254877265,1.3654658635958477
8.785,4.073432495847259,1.3156260781617002,4.089818301115908,1.3195761760046478
8.884,4.079014448401994,1.3085190397463309,4.101342258620933,1.2800908860848539
8.983,4.077554805392398,1.3272564498259594,4.071716233354014,1.4022060901444728
9.085,4.080660876699922,1.3250734064818093,4.09308516193002,1.3163412331052078
9.184,4.085990133710934,1.321940113291451,4.107307161754977,1.3094069405300175
9.285,4.097733571309885,1.3213237700165217,4.1447073217056865,1.3188583969168042
9.385,4.098367229114468,1.315239048181129,4.100901860332802,1.2909001608395572
9.483,4.0957160567897315,1.316235955614475,4.085111367490781,1.3202235853478586
9.584,4.095900368575133,1.3140027946515658,4.096637615716743,1.305070150799929
9.684,4.093523395672763,1.3078887968946347,4.084015504063279,1.2834328058669096
9.784,4.096045246371494,1.306977853718128,4.106132649166417,1.3033340810121008
9.884,4.092748107243945,1.3009812977891575,4.079559550733747,1.2769950740732754
9.983,4.090384577826471,1.3071004082067026,4.080930460156578,1.3315768498768827
10.084,4.078790858910358,1.294649645807946,4.032415983245904,1.2448465962129198
10.184,4.083525693899006,1.3006192940443955,4.102465033853598,1.3244978869901933
10.284,4.084102947545411,1.3027442337203268,4.08641196213103,1.3112439924240515
10.384,4.078856649852408,1.3066758518572277,4.0578714590803955,1.3224023244048304
10.484,4.073161622860343,1.312722853771992,4.05038151489208,1.336910861431049
10.584,4.076980301221043,1.3149844920727318,4.0922550146638415,1.324031045275691
10.685,4.0815561466458785,1.3110732371744662,4.099859528345221,1.2954282175814038
10.784,4.086314010126687,1.3195634855896465,4.105345464049918,1.3535244792503678
10.885,4.082450785690456,1.3149050824761026,4.066997887945534,1.296271470021927
10.984,4.09596446811983,1.323219404778086,4.1500191978373255,1.3564766939860196
11.084,4.091786427283824,1.3344228466886154,4.075074263939799,1.379236614330732
11.184,4.094948715071371,1.328391636784752,4.107597866221553,1.304266797169298
11.287,4.083589367762287,1.3280642958746975,4.038151978525951,1.3267549322344792
11.382,4.086739541475512,1.327882382716185,4.099340236328411,1.3271547300821342
11.484,4.096394252502555,1.336024627405377,4.135013096610725,1.3685936061621444
11.584,4.085878646633523,1.3354536460601056,4.043816223157391,1.3331697206790198
11.685,4.077870646063589,1.3267567728356289,4.045838643783854,1.2919692799377207
11.785,4.081053651903861,1.3293687559493126,4.09378567526495,1.3398166884040477
11.885,4.089596523400011,1.3311630442119953,4.123768009384609,1.3383401972627258
11.985,4.093784128634809,1.3232487665249575,4.110534549574002,1.2915916557768055
12.085,4.083466970190125,1.3309611921432611,4.042198336411389,1.3618108946164749
12.186,4.081420186141937,1.3196771350552472,4.073233049949181,1.2745409067031912
12.285,4.079000169554793,1.3222944104928085,4.069320103206214,1.3327635122430532
12.385,4.083292840498708,1.3272717570386032,4.100463524274367,1.3471811432217813
12.485,4.096939781334839,1.3293475943858537,4.1515275446793645,1.3376509437748547
12.586,4.095021326982459,1.3261499288313001,4.087347509572937,1.3133592666130853
12.686,4.091983985531773,1.3124933395533054,4.079834619729026,1.257866982441325
12.784,4.097789481275386,1.3110083968160624,4.121011464249839,1.3050686258670905
12.885,4.101399860640657,1.3192588724503025,4.11584137810174,1.3522607749872626
12.984,4.103037727611156,1.3299997911327588,4.109589195493149,1.3729634658625836
13.085,4.096758283265659,1.3319123580247652,4.071640505883673,1.3395626255927908
13.184,4.089126239312895,1.348186915079891,4.058598063501838,1.413285143300394
13.284,4.09133385951608,1.3397315815577142,4.100164340328821,1.305910247469006
13.384,4.088508898301139,1.3294098433350903,4.077209053441373,1.288122890444594
13.485,4.090721189614904,1.3349541138581849,4.099570354869961,1.357131195950563
13.585,4.08377284222201,1.3286772289441113,4.055979452650435,1.303569689287817
13.685,4.080440757344519,1.318144077633677,4.0671124178345535,1.2760114723919387
13.782,4.08236747908952,1.324966336796824,4.090074366069521,1.3522553734494123
13.885,4.083227541356136,1.3208726813062108,4.086667790422602,1.3044980593437567
13.984,4.092439306791849,1.3129542314051936,4.1292863685347045,1.2812804318011255
14.085,4.0957657640742635,1.298375368835122,4.10907159320392,1.240059918554835
14.185,4.088451950031727,1.2996336784142968,4.059196693861579,1.3046669167309954
14.285,4.08653225009408,1.3047179869711467,4.0788534503434875,1.3250552211985467
14.385,4.09067224181145,1.3049090028146213,4.107232208680929,1.3056730661885196
14.485,4.089627965703907,1.3016266918108161,4.085450861273737,1.2884974477955953
14.585,4.088448491746083,1.3031735081275861,4.083730595914784,1.3093607733946655
14.685,4.077401797637353,1.3030803296550117,4.033215021202433,1.3027076157647137
14.785,4.0793624662985,1.302861056015066,4.087205140943089,1.3019839614552828
14.884,4.089148219058451,1.2992115887497424,4.128291230098254,1.2846137196884482
14.985,4.077920201237419,1.3048775418829597,4.033008129953291,1.3275413544158283
15.085,4.082720809873637,1.3094253681175383,4.101923244418506,1.3276166730558527
15.184,4.074794963088038,1.311403500162387,4.043091575945642,1.3193160283417817
15.285,4.069604447741421,1.3146070083470969,4.048842386354956,1.3274210410859364
15.384,4.062044887508385,1.3158692701230321,4.031806646576244,1.3209183172267727
15.485,4.0716350879253325,1.315652341177954,4.109995889593122,1.314784625397641
15.584,4.072229026474918,1.3096580544702894,4.074604780673261,1.2856809076396318
15.685,4.080495083357658,1.3199263538558694,4.113559310888616,1.3609995513981896
15.784,4.087031617789783,1.3119524879186804,4.1131777555182865,1.2800570241699236
15.885,4.08804811745493,1.311305041079688,4.092114116115512,1.3087152537237186
15.984,4.089026666046231,1.3109193542280384,4.092940860411437,1.3093766068214396
16.085,4.091808237270529,1.2973520274554131,4.102934522167719,1.2430827203649124
16.185,4.089042735757141,1.3001027131760416,4.077980729703588,1.3111054560585556
16.285,4.081793738778155,1.3142551012940134,4.052797750862214,1.3708646537658995
16.384,4.0848206689144515,1.319590741406465,4.096928389459636,1.3409333018562712
16.484,4.091830169147094,1.3111211729399588,4.119868170077665,1.2772428990739337
16.584,4.0903726334731845,1.317043032130238,4.084542490777544,1.3407304688913544
16.684,4.090063505931019,1.3236866746013607,4.0888269957623535,1.350261244485851
16.787,4.088924393027749,1.3342802618219323,4.084367941414668,1.376654610704219
16.884,4.0889218118579,1.3390367214597796,4.088911487178506,1.3580625600111689
16.984,4.092077547376737,1.3367303945895426,4.1047004894520835,1.3275050871085943
17.084,4.09402117771064,1.345564914335243,4.101795699046251,1.3809029933180446
17.184,4.104573459551611,1.3468988678697595,4.146782586915496,1.352234682007825
17.285,4.095856267749036,1.3449392390293538,4.060987500538733,1.3371007236677295
17.384,4.093917715860285,1.3523851331874008,4.0861635083052805,1.3821687098195887
17.485,4.095759430205782,1.3459024593459994,4.103126287587772,1.3199717639803934
17.584,4.089525645953027,1.3456350808036497,4.064590508942006,1.3445655666342498
17.685,4.085001031953689,1.350252963868954,4.066902575956335,1.3687244961301712
17.784,4.07472936841787,1.3441530798561456,4.033642714274594,1.3197535438049122
17.884,4.073662221321141,1.3253598571594456,4.069393632934221,1.2501869663726446
17.984,4.0739002637791275,1.3212167795172394,4.074852433611072,1.3046444689484138
18.085,4.079930477579153,1.3166456969311324,4.104051332779256,1.2983613665867042
18.185,4.073253732725858,1.312964359027335,4.0465467533126755,1.2982390074121455
18.284,4.0738696971680985,1.318306162937416,4.076333554937058,1.3396733785777395
18.385,4.077551261255897,1.3163318793160192,4.09227751760709,1.3084347448304323
18.483,4.074906982547052,1.3107183385639178,4.064329867711671,1.2882641755555118
18.584,4.075890922160678,1.3097318779427958,4.079826680615177,1.3057860354583075
18.684,4.080828985431133,1.3138375686226764,4.10058123851295,1.3302603313421992
18.782,4.082226202148151,1.3099899028860162,4.087815069016221,1.294599239939376
18.885,4.082566580556691,1.3056825147314408,4.083928094190846,1.2884529621131393
18.984,4.076685953880257,1.3008088772824924,4.053163447174522,1.2813143274866992
19.085,4.085504626310611,1.3164800013371487,4.120779316032027,1.379164497555774
19.183,4.0893925823457975,1.3125102334768335,4.104944406486544,1.2966311620355713
19.285,4.096705577845676,1.3068660706636057,4.1259575598451885,1.2842894194106942
19.383,4.098074312361064,1.3093789968722542,4.103549250422611,1.319430701706848
19.485,4.097814324282869,1.314317695588013,4.096774371970088,1.3340724904510473
19.583,4.0921907446523305,1.319006429461868,4.069696426130177,1.3377613649572884
19.685,4.094723642168632,1.3040001087445474,4.104855232233836,1.243974825875264
19.784,4.092649902887628,1.3160496180003056,4.084354945763612,1.364247655023338
19.885,4.0902622181843675,1.3007974054791744,4.080711479371325,1.239788555394649
19.983,4.081502087193817,1.3023324903800118,4.046461563231614,1.3084728299833603
20.084,4.079477799408469,1.3083296943563336,4.071380648267078,1.3323185102616206
20.183,4.080282580074451,1.3038767792354786,4.083501702738379,1.2860651187520589
20.284,4.085661441356718,1.316454772888822,4.107176886485785,1.3667667475021965
20.384,4.090685246902808,1.3205296055890974,4.110780469087168,1.3368289363901986
20.485,4.09029016918018,1.3161057676948145,4.088709858289667,1.2984104161176826
20.584,4.0920062153817005,1.3159243879737823,4.098870400187784,1.3151988690896526
20.684,4.092715605123445,1.3138967624701592,4.095553164090424,1.3057862604556671
20.783,4.097138843681755,1.3066211070841918,4.114831797914992,1.2775184855403217
20.885,4.100719842038782,1.3041719455058605,4.1150438354668895,1.2943752991925348
20.985,4.1023116128228665,1.3129657193423647,4.108678695959203,1.348140814688381
21.085,4.097062787224124,1.3116395403031833,4.076067484829155,1.3063348241464574
21.187,4.091153382530793,1.3164596583245611,4.067515763757467,1.3357401304100722
21.286,4.0782614416101115,1.316565273551447,4.026693677927383,1.3169877344589906
21.382,4.066459130102033,1.304506296747226,4.019249884069718,1.2562703895303418
21.484,4.073932361780503,1.3072640771664639,4.1038252884943835,1.3182951988434148
21.583,4.065925284220797,1.3056828933580222,4.033896973981971,1.2993581581242555
21.684,4.064122987771031,1.309890695922002,4.056913801971967,1.3267219061779212
21.783,4.068923595282357,1.3110695199040536,4.088126025327655,1.3157848158322591
21.885,4.072373734727229,1.3122081992777939,4.086174292506716,1.316762916772754
21.983,4.073910898646876,1.3157294603030503,4.080059554325462,1.3298145044040752
22.083,4.075150632070861,1.307769320699263,4.080109565766802,1.2759287622841144
22.183,4.079054014488534,1.315394194040206,4.094667544159227,1.3458936874039777
22.284,4.079819671771152,1.3263282241463799,4.082882300901623,1.3700643445710745
22.385,4.079332054803812,1.3233792950908956,4.077381586934454,1.3115835788689574
22.485,4.083527181096182,1.3313528674228932,4.100307686265657,1.3632471567508828
22.585,4.080190474178092,1.32441909607056,4.066843646505731,1.2966840106612263
22.685,4.082515654922301,1.3218798268416632,4.091816377899136,1.3117227499260753
22.784,4.088797326154347,1.3196753796547143,4.113924011082528,1.310857590906919
22.884,4.088954896922413,1.3210787140453788,4.089585179994678,1.3266920516080372
22.985,4.084503243558798,1.3135808061863135,4.066696630104335,1.2835891747500512
23.087,4.081737510587226,1.297774525540444,4.070674578700936,1.2345494029569655
23.185,4.085231804055744,1.3069131921116954,4.099208977929814,1.3434678583967004
23.284,4.093224387139831,1.3223293717967888,4.1251947194761724,1.3839940905371622
23.383,4.0894092454305895,1.3093930300017602,4.074148678593621,1.2576476628216453
23.484,4.08691997652523,1.3148515624969668,4.076962900903792,1.3366856924777923
23.585,4.09034835475156,1.3226990917010228,4.1040618676568785,1.3540892085172471
23.684,4.084490697657696,1.3235973134696728,4.061060069282236,1.3271902005442722
23.782,4.078959089545081,1.310285783632878,4.056832657094619,1.257039664285699
23.887,4.079618839084747,1.3218279202766514,4.082257837243412,1.3679964668517437
23.984,4.076032385683148,1.3249780653599832,4.061686572076749,1.3375786456933099
24.084,4.079736570115865,1.3294810726156319,4.094553307846732,1.3474931016382259
24.183,4.079526261373899,1.3276171920450865,4.078685026406032,1.3201616697629053
24.284,4.075638313165657,1.323638395607655,4.060086520332684,1.307723209857928
24.384,4.07920882760102,1.3093374150184731,4.093490885342473,1.2521334926617456
24.484,4.076434579358062,1.3183799799397646,4.065337586386229,1.3545502396249303
24.586,4.0731960057452214,1.3116973635221716,4.060241711293859,1.2849668978517994
24.686,4.063983527445676,1.3129666036882295,4.027133614247492,1.318043564352461
24.786,4.065978149109375,1.3139201955836255,4.07395663576417,1.317734563165209
24.884,4.075165243670039,1.308386726219311,4.111913621912692,1.2862528487620524
24.983,4.082458469354524,1.305906290915689,4.111631372092461,1.2959845497012008
25.085,4.083754031305038,1.306119951610034,4.088936279107091,1.3069745943874134
25.184,4.087753116890451,1.2978604611224402,4.1037494592321035,1.264822499172066
25.284,4.083145588628011,1.3069519113022092,4.064715475578252,1.3433177120212845
25.385,4.090343009734946,1.3161109212407966,4.119132694162682,1.352746960995146
25.486,4.085223143250898,1.310195971712329,4.064743677314706,1.2865361735984577
25.585,4.0863943835101315,1.31265571657892,4.0910793445470635,1.3224946960452844
25.685,4.088159890108937,1.3100661881681324,4.095221916504156,1.299708074524981
25.784,4.087181128400518,1.3135521899864295,4.0832660815668405,1.3274961972596173
25.887,4.093478487923701,1.3147621482762364,4.118667926016433,1.319601981435463
25.984,4.087288965758571,1.3056404274212425,4.06253087709805,1.2691535440012667
26.084,4.083005535099327,1.3050139998994654,4.0658718124623485,1.3025082898123561
26.184,4.084824677984647,1.310198573334603,4.092101249525929,1.3309368670751534
26.285,4.096715534613573,1.3144346509312677,4.144278961129274,1.331378961317926
26.384,4.104906810093145,1.3222533807655086,4.137671912011434,1.3535283001024718
26.484,4.096763381127422,1.3064986371953873,4.0641896652645295,1.2434796629149012
26.584,4.097285878643362,1.3165052387013678,4.099375868707121,1.35653164472529
26.686,4.099010746822618,1.3235258451125815,4.10591021953964,1.351608270757436
26.785,4.088493880073322,1.3213227502339295,4.046426413076139,1.3125103707193209
26.886,4.07941265465158,1.3331472406792524,4.043087752964608,1.3804452024605434
26.984,4.088902948138766,1.3323458935424055,4.126864122087509,1.3291405049950178
27.083,4.087909187664987,1.338261306119282,4.08393414576987,1.3619229564267874
27.186,4.091580243743931,1.3369410665699324,4.106264468059704,1.3316601083725328
27.286,4.102104537699648,1.3402569828611999,4.144201713522514,1.3535206480262694
27.384,4.095957802513029,1.3514317179241555,4.071370861766549,1.3961306581759774
27.483,4.093664206858814,1.3490983961066922,4.084489824241955,1.3397651088368385
27.584,4.093483689657307,1.3450528913760913,4.09276162085128,1.3288708724536866
27.685,4.080165937747763,1.3387001127238678,4.026894930109588,1.313288998114973
27.784,4.0731889889308235,1.3258666954279488,4.045281193663063,1.274533026244272
27.885,4.076278455932031,1.320330117038625,4.088636323936859,1.2981838034813293
27.984,4.077533293424641,1.3144328138402646,4.082552643395079,1.2908436010468227
28.085,4.0757994867972425,1.3259746494262639,4.068864260287648,1.37214199177026
28.184,4.073127338410256,1.3036773583374304,4.062438744862306,1.2144881939820955
28.285,4.064982642156751,1.3046819301414705,4.032403857142732,1.3087002173576316
28.384,4.065791044979414,1.3075578039665359,4.069024656270063,1.3190612992667967
28.485,4.073080023890949,1.3123794740314496,4.1022359395370875,1.3316661542911041
28.584,4.077412594192605,1.3160350441658057,4.094742875399228,1.3306573247032303
28.685,4.074777875653682,1.315448197535174,4.064239001497989,1.3131008110126459
28.782,4.083188320298462,1.3246942936375443,4.116830098877582,1.3616786780470254
28.886,4.085987614568008,1.3274627163339605,4.097184791646189,1.338536407119625
28.985,4.090481326797957,1.3267981992144453,4.108456175717752,1.3241401307363838
29.086,4.088011524487193,1.3386590646632408,4.078132315244137,1.3861025264584221
29.185,4.090087165675607,1.341009254634245,4.098389730429259,1.3504100145182605
29.283,4.086781041807518,1.3404720693887837,4.073556546335159,1.3383233284069378
29.383,4.081046559528323,1.3337405846976194,4.0581086304115415,1.306814645932962
29.485,4.090526404692762,1.3353810339189813,4.128445785350514,1.341942830804429
29.584,4.094754305838892,1.3419114360549453,4.1116659104234135,1.3680330445988005
29.685,4.087898377608155,1.3408863465577296,4.060474664685206,1.3367859885688669
29.783,4.087519860255581,1.33767290988213,4.086005790845283,1.3248191631797306
29.884,4.081088827706077,1.340722007115533,4.055364697508062,1.3529183960491435
29.983,4.086374377310544,1.3401492018071655,4.10751657572841,1.3378579805736939
30.085,4.0768108622702846,1.355208638371045,4.038556802109246,1.4154463846265626
30.185,4.077340732046972,1.3390813173594858,4.079460211153719,1.2745720333132478
30.285,4.0857423136742295,1.3396102151561446,4.119348640183259,1.3417258063427797
30.385,4.084319391258764,1.347938350730891,4.078627701596898,1.381250893029876
30.486,4.082745800799007,1.3467831282249934,4.076451438959976,1.3421622382014018
30.583,4.096993597959961,1.3530819461061572,4.153984786603778,1.3782772176308122
30.684,4.097518473988817,1.3475262931229983,4.099617978104241,1.3253036811903625
30.783,4.096197394471189,1.3471257436097523,4.090913076400678,1.3455235455567678
30.885,4.104003041567184,1.3355269688240492,4.1352256299511625,1.289131869681236
30.984,4.118039420880819,1.336788019216802,4.174184938135358,1.3418322207878133
31.085,4.111004073865606,1.3393953975021677,4.082862685804753,1.3498249106436302
31.185,4.1059872530513815,1.3414055847085617,4.085919969794482,1.3494463335341373
31.285,4.101405624599464,1.344457737645847,4.083079110791794,1.356666349394988
31.382,4.096519554412238,1.3459394284173896,4.076975273663329,1.3518661915035588
31.485,4.096721914972378,1.3504683309778756,4.097531357212941,1.3685839412198195
31.584,4.09836378761326,1.3462511781828546,4.104931278176785,1.3293825670027706
